/* INGRESSOS */
INSERT INTO "Progeny"("active", "denomination", "company") VALUES (true, 'INGRESSO', 4);
INSERT INTO "Product"("progeny", "stockUnit") VALUES (1, 26);
INSERT INTO "Merchandise"("product", "catalog", "position", "reference", "label", "price") VALUES (1, 1, 0, 1, 'INGRESSO', 5.00);

INSERT INTO "Progeny"("active", "denomination", "company") VALUES (true, 'PERNOITE', 4);
INSERT INTO "Product"("progeny", "stockUnit") VALUES (20, 26);
INSERT INTO "Merchandise"("product", "catalog", "position", "reference", "label", "price") VALUES (20, 1, 1, 20, 'PERNOITE', 5.00);

/* ENTRETENIMENTO */
INSERT INTO "Progeny"("active", "denomination", "company") VALUES (true, 'PEBOLIM', 4);
INSERT INTO "Product"("progeny", "stockUnit") VALUES (2, 26);
INSERT INTO "Merchandise"("product", "catalog", "position", "reference", "label", "price") VALUES (2, 2, 0, 2, 'PEBOLIM', 2.00);

INSERT INTO "Progeny"("active", "denomination", "company") VALUES (true, 'SINUCA', 4);
INSERT INTO "Product"("progeny", "stockUnit") VALUES (3, 26);
INSERT INTO "Merchandise"("product", "catalog", "position", "reference", "label", "price") VALUES (3, 2, 1, 3, 'SINUCA', 2.00);

INSERT INTO "Progeny"("active", "denomination", "company") VALUES (true, 'PISCINA', 4);
INSERT INTO "Product"("progeny", "stockUnit") VALUES (4, 26);
INSERT INTO "Merchandise"("product", "catalog", "position", "reference", "label", "price") VALUES (4, 2, 2, 4, 'PISCINA', 10.00);

/* BEBIDAS */

INSERT INTO "Progeny"("active", "denomination", "company") VALUES (true, 'CERVEJA SKOL LATA', 4);
INSERT INTO "Product"("progeny", "stockUnit") VALUES (5, 26);
INSERT INTO "Merchandise"("product", "catalog", "position", "reference", "label", "price") VALUES (5, 4, 0, 5, 'CERVEJA SKOL LATA', 5.00);

INSERT INTO "Progeny"("active", "denomination", "company") VALUES (true, 'CERVEJA BRAHMA LATA', 4);
INSERT INTO "Product"("progeny", "stockUnit") VALUES (6, 26);
INSERT INTO "Merchandise"("product", "catalog", "position", "reference", "label", "price") VALUES (6, 4, 1, 6, 'CERVEJA BRAHMA LATA', 5.00);

INSERT INTO "Progeny"("active", "denomination", "company") VALUES (true, 'REFRIGRANTE LATA', 4);
INSERT INTO "Product"("progeny", "stockUnit") VALUES (18, 26);
INSERT INTO "Merchandise"("product", "catalog", "position", "reference", "label", "price") VALUES (18, 4, 2, 18, 'REFRIGERANTE LATA', 5.00);

INSERT INTO "Progeny"("active", "denomination", "company") VALUES (true, 'AGUA', 4);
INSERT INTO "Product"("progeny", "stockUnit") VALUES (19, 26);
INSERT INTO "Merchandise"("product", "catalog", "position", "reference", "label", "price") VALUES (19, 4, 3, 19, 'AGUA', 5.00);

/* COMIDAS */

INSERT INTO "Progeny"("active", "denomination", "company") VALUES (true, 'COXINHA', 4);
INSERT INTO "Product"("progeny", "stockUnit") VALUES (7, 26);
INSERT INTO "Merchandise"("product", "catalog", "position", "reference", "label", "price") VALUES (7, 5, 0, 7, 'COXINHA', 5.00);

INSERT INTO "Progeny"("active", "denomination", "company") VALUES (true, 'PASTEL', 4);
INSERT INTO "Product"("progeny", "stockUnit") VALUES (8, 26);
INSERT INTO "Merchandise"("product", "catalog", "position", "reference", "label", "price") VALUES (8, 5, 1, 8, 'PASTEL', 5.00);

INSERT INTO "Progeny"("active", "denomination", "company") VALUES (true, 'MINI PIZZA', 4);
INSERT INTO "Product"("progeny", "stockUnit") VALUES (9, 26);
INSERT INTO "Merchandise"("product", "catalog", "position", "reference", "label", "price") VALUES (9, 5, 2, 9, 'MINI PIZZA', 5.00);

INSERT INTO "Progeny"("active", "denomination", "company") VALUES (true, 'PEIXE 500G', 4);
INSERT INTO "Product"("progeny", "stockUnit") VALUES (10, 26);
INSERT INTO "Merchandise"("product", "catalog", "position", "reference", "label", "price") VALUES (10, 5, 3, 10, 'PEIXE 500G', 28.00);

INSERT INTO "Progeny"("active", "denomination", "company") VALUES (true, 'PEIXE 500G + PAO DE ALHO', 4);
INSERT INTO "Product"("progeny", "stockUnit") VALUES (11, 26);
INSERT INTO "Merchandise"("product", "catalog", "position", "reference", "label", "price") VALUES (11, 5, 4, 11, 'PEIXE 500G + P ALHO', 38.00);

INSERT INTO "Progeny"("active", "denomination", "company") VALUES (true, 'MANDIOCA + COSTELINHA SUINA', 4);
INSERT INTO "Product"("progeny", "stockUnit") VALUES (12, 26);
INSERT INTO "Merchandise"("product", "catalog", "position", "reference", "label", "price") VALUES (12, 5, 5, 12, 'MANDIOCA + COST SUINA', 29.90);

INSERT INTO "Progeny"("active", "denomination", "company") VALUES (true, 'BATATA CHIPS', 4);
INSERT INTO "Product"("progeny", "stockUnit") VALUES (13, 26);
INSERT INTO "Merchandise"("product", "catalog", "position", "reference", "label", "price") VALUES (13, 5, 6, 13, 'BATATA CHIPS', 15.00);

INSERT INTO "Progeny"("active", "denomination", "company") VALUES (true, 'BATATA PALITO', 4);
INSERT INTO "Product"("progeny", "stockUnit") VALUES (14, 26);
INSERT INTO "Merchandise"("product", "catalog", "position", "reference", "label", "price") VALUES (14, 5, 7, 14, 'BATATA PALITO', 18.00);

INSERT INTO "Progeny"("active", "denomination", "company") VALUES (true, 'POLENTA 500G', 4);
INSERT INTO "Product"("progeny", "stockUnit") VALUES (15, 26);
INSERT INTO "Merchandise"("product", "catalog", "position", "reference", "label", "price") VALUES (15, 5, 8, 15, 'POLENTA 500G', 18.00);

INSERT INTO "Progeny"("active", "denomination", "company") VALUES (true, 'MANDIOCA 500G', 4);
INSERT INTO "Product"("progeny", "stockUnit") VALUES (16, 26);
INSERT INTO "Merchandise"("product", "catalog", "position", "reference", "label", "price") VALUES (16, 5, 9, 16, 'MANDIOCA 500G', 18.00);

/* SORVETES */

INSERT INTO "Progeny"("active", "denomination", "company") VALUES (true, 'SORVETE 2L', 4);
INSERT INTO "Product"("progeny", "stockUnit") VALUES (17, 26);
INSERT INTO "Merchandise"("product", "catalog", "position", "reference", "label", "price") VALUES (17, 6, 0, 17, 'SORVETE 2L', 25.00);


