/* INGRESSOS */
INSERT INTO "Progeny"("active", "denomination", "company") VALUES (true, 'INGRESSO PARQUE ADULTO', 4);
INSERT INTO "Product"("progeny", "stockUnit") VALUES (1, 26);
INSERT INTO "Merchandise"("product", "catalog", "position", "reference", "label", "price") VALUES (1, 1, 0, 1, 'ING PARQUE ADULTO', 10.00);

INSERT INTO "Progeny"("active", "denomination", "company") VALUES (true, 'INGRESSO PARQUE INFANTIL', 4);
INSERT INTO "Product"("progeny", "stockUnit") VALUES (2, 26);
INSERT INTO "Merchandise"("product", "catalog", "position", "reference", "label", "price") VALUES (2, 1, 1, 2, 'ING PARQUE INFANTIL', 8.00);

INSERT INTO "Progeny"("active", "denomination", "company") VALUES (true, 'INGRESSO PARQUE GRUPO', 4);
INSERT INTO "Product"("progeny", "stockUnit") VALUES (3, 26);
INSERT INTO "Merchandise"("product", "catalog", "position", "reference", "label", "price") VALUES (3, 1, 2, 3, 'ING PARQUE GRUPO', 8.00);

/* BRINQUEDOS */
INSERT INTO "Progeny"("active", "denomination", "company") VALUES (true, 'TIROLESA', 4);
INSERT INTO "Product"("progeny", "stockUnit") VALUES (4, 26);
INSERT INTO "Merchandise"("product", "catalog", "position", "reference", "label", "price") VALUES (4, 2, 0, 4, 'TIROLESA', 15.00);

INSERT INTO "Progeny"("active", "denomination", "company") VALUES (true, 'ARVORISMO', 4);
INSERT INTO "Product"("progeny", "stockUnit") VALUES (5, 26);
INSERT INTO "Merchandise"("product", "catalog", "position", "reference", "label", "price") VALUES (5, 2, 1, 5, 'ARVORISMO', 10.00);

INSERT INTO "Progeny"("active", "denomination", "company") VALUES (true, 'PENDULO', 4);
INSERT INTO "Product"("progeny", "stockUnit") VALUES (6, 26);
INSERT INTO "Merchandise"("product", "catalog", "position", "reference", "label", "price") VALUES (6, 2, 2, 6, 'PENDULO', 10.00);

INSERT INTO "Progeny"("active", "denomination", "company") VALUES (true, 'ESCALADA', 4);
INSERT INTO "Product"("progeny", "stockUnit") VALUES (7, 26);
INSERT INTO "Merchandise"("product", "catalog", "position", "reference", "label", "price") VALUES (7, 2, 3, 7, 'ESCALADA', 10.00);

INSERT INTO "Progeny"("active", "denomination", "company") VALUES (true, 'PASSEIO DE CAVALO', 4);
INSERT INTO "Product"("progeny", "stockUnit") VALUES (8, 26);
INSERT INTO "Merchandise"("product", "catalog", "position", "reference", "label", "price") VALUES (8, 2, 4, 8, 'PASSEIO DE CAVALO', 10.00);

INSERT INTO "Progeny"("active", "denomination", "company") VALUES (true, 'PASSEIO DE CHARRETE', 4);
INSERT INTO "Product"("progeny", "stockUnit") VALUES (9, 26);
INSERT INTO "Merchandise"("product", "catalog", "position", "reference", "label", "price") VALUES (9, 2, 5, 9, 'PASSEIO DE CHARRETE', 7.00);

INSERT INTO "Progeny"("active", "denomination", "company") VALUES (true, 'PASSEIO DE PEDALINHO', 4);
INSERT INTO "Product"("progeny", "stockUnit") VALUES (10, 26);
INSERT INTO "Merchandise"("product", "catalog", "position", "reference", "label", "price") VALUES (10, 2, 6, 10, 'PASSEIO DE PEDALINHO', 15.00);

INSERT INTO "Progeny"("active", "denomination", "company") VALUES (true, 'TRILHA ECOLOGICA', 4);
INSERT INTO "Product"("progeny", "stockUnit") VALUES (11, 26);
INSERT INTO "Merchandise"("product", "catalog", "position", "reference", "label", "price") VALUES (11, 2, 7, 11, 'TRILHA ECOLOGICA', 5.00);

INSERT INTO "Progeny"("active", "denomination", "company") VALUES (true, 'PESCARIA', 4);
INSERT INTO "Product"("progeny", "stockUnit") VALUES (12, 26);
INSERT INTO "Merchandise"("product", "catalog", "position", "reference", "label", "price") VALUES (12, 2, 8, 12, 'PESCARIA', 10.00);

INSERT INTO "Progeny"("active", "denomination", "company") VALUES (true, 'BIKECITY', 4);
INSERT INTO "Product"("progeny", "stockUnit") VALUES (13, 26);
INSERT INTO "Merchandise"("product", "catalog", "position", "reference", "label", "price") VALUES (13, 2, 9, 13, 'BIKECITY', 30.00);


/* INSTALACOES */
INSERT INTO "Progeny"("active", "denomination", "company") VALUES (true, 'CHURRASQUEIRA COM MESA', 4);
INSERT INTO "Product"("progeny", "stockUnit") VALUES (14, 26);
INSERT INTO "Merchandise"("product", "catalog", "position", "reference", "label", "price") VALUES (14, 3, 0, 14, 'CHURRASQ C/ MESA', 20.00);

INSERT INTO "Progeny"("active", "denomination", "company") VALUES (true, 'CHURRASQUEIRA COBERTA', 4);
INSERT INTO "Product"("progeny", "stockUnit") VALUES (15, 26);
INSERT INTO "Merchandise"("product", "catalog", "position", "reference", "label", "price") VALUES (15, 3, 1, 15, 'CHURRASQ COBERTA', 30.00);

INSERT INTO "Progeny"("active", "denomination", "company") VALUES (true, 'CHURRASQUEIRA COM BARRACA', 4);
INSERT INTO "Product"("progeny", "stockUnit") VALUES (16, 26);
INSERT INTO "Merchandise"("product", "catalog", "position", "reference", "label", "price") VALUES (16, 3, 2, 16, 'CHURRASQ C/ BARRACA', 25.00);

INSERT INTO "Progeny"("active", "denomination", "company") VALUES (true, 'QUIOSKI COBERTO PERNOITE', 4);
INSERT INTO "Product"("progeny", "stockUnit") VALUES (17, 26);
INSERT INTO "Merchandise"("product", "catalog", "position", "reference", "label", "price") VALUES (17, 3, 3, 17, 'QUIOSQ COB. PERNOITE', 50.00);

INSERT INTO "Progeny"("active", "denomination", "company") VALUES (true, 'BARRACA EXTRA', 4);
INSERT INTO "Product"("progeny", "stockUnit") VALUES (18, 26);
INSERT INTO "Merchandise"("product", "catalog", "position", "reference", "label", "price") VALUES (18, 3, 4, 18, 'BARRACA EXTRA', 10.00);

INSERT INTO "Progeny"("active", "denomination", "company") VALUES (true, 'ESP TRAILER PERNOITE', 4);
INSERT INTO "Product"("progeny", "stockUnit") VALUES (19, 26);
INSERT INTO "Merchandise"("product", "catalog", "position", "reference", "label", "price") VALUES (19, 3, 5, 19, 'ESP TRAILER PERNOITE', 50.00);

INSERT INTO "Progeny"("active", "denomination", "company") VALUES (true, 'BICICLETA', 4);
INSERT INTO "Product"("progeny", "stockUnit") VALUES (20, 26);
INSERT INTO "Merchandise"("product", "catalog", "position", "reference", "label", "price") VALUES (20, 3, 6, 20, 'BICICLETA', 15.00);



